INSERT INTO solider (date_of_birth,id,first_name,rank,religion,last_name) VALUES(DATE '1998-02-09',1,'Madelene','Corporal','Druze','McDougal');
INSERT INTO solider (date_of_birth,id,first_name,rank,religion,last_name) VALUES(DATE '2011-3-4',2,'Kerwin','Lieutenant','Zoroastrian','Cordingly');
INSERT INTO solider (date_of_birth,id,first_name,rank,religion,last_name) VALUES(DATE '1997-4-6',3,'Blakeley','Lieutenant','Muslim','Alecock');
INSERT INTO solider (date_of_birth,id,first_name,rank,religion,last_name) VALUES(DATE '2003-2-02',4,'Domingo','General','Jewish','Wildgoose');
INSERT INTO solider (date_of_birth,id,first_name,rank,religion,last_name) VALUES(DATE '1998-9-06',5,'Lori','Captain','Zoroastrian','Slorance');
INSERT INTO solider (date_of_birth,id,first_name,rank,religion,last_name) VALUES(DATE '1986-9-9',6,'Trixie','Sergeant','Christian','Pettiward');
INSERT INTO solider (date_of_birth,id,first_name,rank,religion,last_name) VALUES(DATE '2015-6-05',7,'Paco','Colonel','Zoroastrian','Campelli');
INSERT INTO solider (date_of_birth,id,first_name,rank,religion,last_name) VALUES(DATE '1985-1-01',8,'Rochelle','Colonel','Jewish','Shotter');
INSERT INTO solider (date_of_birth,id,first_name,rank,religion,last_name) VALUES(DATE '1999-02-10',9,'Kile','Private','Hindu','Bebis');
INSERT INTO solider (date_of_birth,id,first_name,rank,religion,last_name) VALUES(DATE '2008-11-11',10,'Hodge','Private','Hindu','Upton');

INSERT INTO solider (date_of_birth,id,first_name,rank,religion,last_name) VALUES(DATE '1989-06-08',401,'Fallon','Lieutenant','Sikh','Mullard');
INSERT INTO solider (date_of_birth,id,first_name,rank,religion,last_name) VALUES(DATE '2009-07-03',402,'Ed','Sergeant','Sikh','Kesteven');
INSERT INTO solider (date_of_birth,id,first_name,rank,religion,last_name) VALUES(DATE '2020-03-07',403,'Birgitta','Corporal','Zoroastrian','Frediani');
INSERT INTO solider (date_of_birth,id,first_name,rank,religion,last_name) VALUES(DATE '1997-05-06',404,'Martie','Private','Jewish','Malia');
INSERT INTO solider (date_of_birth,id,first_name,rank,religion,last_name) VALUES(DATE '2005-8-9',405,'Townie','Colonel','Christian','Bromby');
INSERT INTO solider (date_of_birth,id,first_name,rank,religion,last_name) VALUES(DATE '2015-4-5',406,'Heindrick','Colonel','Sikh','Lett');
INSERT INTO solider (date_of_birth,id,first_name,rank,religion,last_name) VALUES(DATE '2016-7-4',407,'Lianna','Captain','Sikh','Jouannot');
INSERT INTO solider (date_of_birth,id,first_name,rank,religion,last_name) VALUES(DATE '1993-01-09',408,'Iggie','Private','Sikh','Kelf');
INSERT INTO solider (date_of_birth,id,first_name,rank,religion,last_name) VALUES(DATE '2012-04-12',409,'Andra','Captain','Druze','Gascoigne');
INSERT INTO solider (date_of_birth,id,first_name,rank,religion,last_name) VALUES(DATE '2017-2-12',410,'Theressa','General','Druze','Janic');
INSERT INTO solider (date_of_birth,id,first_name,rank,religion,last_name) VALUES(DATE '1999-08-05',411,'Bertrando','Major','Sikh','Murfill');
INSERT INTO solider (date_of_birth,id,first_name,rank,religion,last_name) VALUES(DATE '1996-01-04',412,'Alberto','Corporal','Muslim','Russilll');

INSERT INTO solider (date_of_birth,id,first_name,rank,religion,last_name) VALUES(DATE '2008-10-12',801,'Kellina','Corporal','Zoroastrian','Storer');
INSERT INTO solider (date_of_birth,id,first_name,rank,religion,last_name) VALUES(DATE '1996-02-03',802,'Adah','Corporal','Muslim','Rubes');
INSERT INTO solider (date_of_birth,id,first_name,rank,religion,last_name) VALUES(DATE '2022-1-7',803,'Hercules','General','Sikh','Ferri');
INSERT INTO solider (date_of_birth,id,first_name,rank,religion,last_name) VALUES(DATE '1991-07-05',804,'Farris','Private','Christian','Steel');
INSERT INTO solider (date_of_birth,id,first_name,rank,religion,last_name) VALUES(DATE '2014-2-1',805,'Fancie','Lieutenant','Jewish','Fielder');
INSERT INTO solider (date_of_birth,id,first_name,rank,religion,last_name) VALUES(DATE '1986-8-6',806,'Emalia','Private','Sikh','Wheatland');
INSERT INTO solider (date_of_birth,id,first_name,rank,religion,last_name) VALUES(DATE '2017-2-4',807,'Karil','Private','Druze','Ravillas');
INSERT INTO solider (date_of_birth,id,first_name,rank,religion,last_name) VALUES(DATE '1985-12-10',808,'Arty','Lieutenant','Sikh','Pinney');
INSERT INTO solider (date_of_birth,id,first_name,rank,religion,last_name) VALUES(DATE '1992-2-8',809,'Marion','Colonel','Jewish','MacCrann');
INSERT INTO solider (date_of_birth,id,first_name,rank,religion,last_name) VALUES(DATE '2019-5-12',810,'Justin','Lieutenant','Zoroastrian','Guillet');
INSERT INTO solider (date_of_birth,id,first_name,rank,religion,last_name) VALUES(DATE '2015-1-3',811,'Jose','Major','Muslim','Mellsop');

insert into military_rabbi (certified_Rabbi, Payytan, sector, ethnicity, preacher, id) values (1,1,'Haredi-Litai','Ashkenazi',1,1);
insert into military_rabbi (certified_Rabbi, Payytan, sector, ethnicity, preacher, id) values (0,1,'Haredi-Litai','Sphard',1,2);
insert into military_rabbi (certified_Rabbi, Payytan, sector, ethnicity, preacher, id) values (0,1,'Haredi-Hasidic','Ashkenazi',1,3);
insert into military_rabbi (certified_Rabbi, Payytan, sector, ethnicity, preacher, id) values (0,1,'Haredi-Hasidic','Edot-Mizrah',1,4);
insert into military_rabbi (certified_Rabbi, Payytan, sector, ethnicity, preacher, id) values (0,1,'Religious Zionism','Sphard',0,5);
insert into military_rabbi (certified_Rabbi, Payytan, sector, ethnicity, preacher, id) values (1,0,'Haredi-Hasidic','Sphard',0,6);
insert into military_rabbi (certified_Rabbi, Payytan, sector, ethnicity, preacher, id) values (1,0,'Religious Zionism','Edot-Mizrah',1,7);

insert into combat_medic (qualification,in_training,id) values ('RN',1,401);
insert into combat_medic (qualification,in_training,id) values ('DPT',1,402);
insert into combat_medic (qualification,in_training,id) values ('DPT',1,403);
insert into combat_medic (qualification,in_training,id) values ('MD',0,404);
insert into combat_medic (qualification,in_training,id) values ('NP',1,405);
insert into combat_medic (qualification,in_training,id) values ('DMD',1,406);

insert into commander (nickname, soliders_affection, security_clearance, id) values ('benchmark', 9, 4, 801);
insert into commander (nickname, soliders_affection, security_clearance, id) values ('firmware', 6, 5, 802);
insert into commander (nickname, soliders_affection, security_clearance, id) values ('4th generation', 10, 3, 803);
insert into commander (nickname, soliders_affection, security_clearance, id) values ('knowledge user', 7, 4, 804);
insert into commander (nickname, soliders_affection, security_clearance, id) values ('artificial intelligence', 1, 3, 805);
insert into commander (nickname, soliders_affection, security_clearance, id) values ('user-facing', 5, 5, 806);
insert into commander (nickname, soliders_affection, security_clearance, id) values ('user-facing', 5, 5, 807);
insert into commander (nickname, soliders_affection, security_clearance, id) values ('user-facing', 5, 5, 808);
insert into commander (nickname, soliders_affection, security_clearance, id) values ('user-facing', 5, 5, 809);

insert into team (team_number, name, religious, commander_id) values (1, 'Stenella coeruleoalba', 1, 801);
insert into team (team_number, name, religious, commander_id) values (2, 'Neophron percnopterus', 1, 802);
insert into team (team_number, name, religious, commander_id) values (3, 'Ardea golieth', 0, 803);
insert into team (team_number, name, religious, commander_id) values (4, 'Cyrtodactylus louisiadensis', 0, 804);
insert into team (team_number, name, religious, commander_id) values (5, 'Eremophila alpestris', 1, 805);
insert into team (team_number, name, religious, commander_id) values (6, 'Vanessa indica', 1, 806);
insert into team (team_number, name, religious, commander_id) values (7, 'Sus scrofa', 0, 807);

insert into operation (operation_date, location, operation_id, commander_id, medic_id, team_number) values (DATE '2015-1-3','China',2358239,801,401,1);
insert into operation (operation_date, location, operation_id, commander_id, medic_id, team_number) values (DATE '2016-2-10','Brazil',2358240,802,402,2);
insert into operation (operation_date, location, operation_id, commander_id, medic_id, team_number) values (DATE '2003-1-10','Russia',2358241,803,403,3);
insert into operation (operation_date, location, operation_id, commander_id, medic_id, team_number) values (DATE '2010-4-12','China',2358242,804,404,4);
insert into operation (operation_date, location, operation_id, commander_id, medic_id, team_number) values (DATE '2007-5-3','Japan',2358243,805,405,5);
insert into operation (operation_date, location, operation_id, commander_id, medic_id, team_number) values (DATE '2003-6-2','Brazil',2358244,806,406,6);

insert into solider_in (responsibility, team_number, id) values ('communications specialist', 1, 402);
insert into solider_in (responsibility, team_number, id) values ('engineer', 2, 804);
insert into solider_in (responsibility, team_number, id) values ('marksman', 3, 7);
insert into solider_in (responsibility, team_number, id) values ('heavy gunner', 4, 807);
insert into solider_in (responsibility, team_number, id) values ('heavy gunner', 5, 404);

commit;
