operation_date,location,operation_id,commander_id,medic_id,team_number
3/21/2015,China,2358239,801,401,1
10/22/2016,Brazil,2358240,802,402,2
10/10/2003,Russia,2358241,803,403,3
12/14/2010,China,2358242,804,404,4
3/5/2007,Japan,2358243,805,405,5
2/6/2003,Brazil,2358244,806,406,6
8/30/2005,Russia,2358245,807,407,7
5/24/2005,China,2358246,808,408,8
2/2/2001,South Africa,2358247,809,409,9
7/2/2008,Poland,2358248,810,410,10
6/19/2004,Indonesia,2358249,811,411,11
3/13/2020,Czech Republic,2358250,812,412,12
7/31/2006,China,2358251,813,413,13
6/28/2013,Colombia,2358252,814,414,14
2/28/2011,Pakistan,2358253,815,415,15
7/31/2003,France,2358254,816,416,16
7/30/2013,Philippines,2358255,817,417,17
10/17/2007,Iraq,2358256,818,418,18
12/5/2011,France,2358257,819,419,19
6/25/2010,Panama,2358258,820,420,20
4/14/2014,Portugal,2358259,821,421,21
4/26/2016,Brazil,2358260,822,422,22
11/25/2011,Chile,2358261,823,423,23
1/21/2012,China,2358262,824,424,24
5/28/2014,China,2358263,825,425,25
10/13/2005,Macedonia,2358264,826,426,26
10/2/2002,Philippines,2358265,827,427,27
12/26/2003,China,2358266,828,428,28
1/10/2010,China,2358267,829,429,29
3/7/2017,Portugal,2358268,830,430,30
4/1/2020,Czech Republic,2358269,831,431,31
6/28/2021,China,2358270,832,432,32
9/20/2000,Indonesia,2358271,833,433,33
2/20/2013,United States,2358272,834,434,34
3/16/2007,Brazil,2358273,835,435,35
2/14/2005,Guinea,2358274,836,436,36
12/12/2018,Indonesia,2358275,837,437,37
7/15/2005,Lithuania,2358276,838,438,38
5/17/2016,Philippines,2358277,839,439,39
9/11/2005,Morocco,2358278,840,440,40
11/12/2020,United States,2358279,841,441,41
2/3/2010,Brazil,2358280,842,442,42
10/22/2005,France,2358281,843,443,43
12/27/2022,Philippines,2358282,844,444,44
11/2/2007,Czech Republic,2358283,845,445,45
6/30/2018,Portugal,2358284,846,446,46
12/12/2013,China,2358285,847,447,47
2/5/2009,China,2358286,848,448,48
11/13/2019,Thailand,2358287,849,449,49
7/6/2012,Germany,2358288,850,450,50
6/25/2017,Russia,2358289,851,451,51
9/16/2012,Indonesia,2358290,852,452,52
4/4/2001,Russia,2358291,853,453,53
3/11/2006,Indonesia,2358292,854,454,54
11/12/2009,China,2358293,855,455,55
12/16/2010,Canada,2358294,856,456,56
11/16/2005,Czech Republic,2358295,857,457,57
2/21/2009,Armenia,2358296,858,458,58
11/16/2003,Somalia,2358297,859,459,59
4/16/2022,Russia,2358298,860,460,60
8/9/2005,Yemen,2358299,861,461,61
11/8/2007,Poland,2358300,862,462,62
10/23/2005,Indonesia,2358301,863,463,63
3/12/2011,Russia,2358302,864,464,64
9/7/2004,Brazil,2358303,865,465,65
1/7/2008,Chile,2358304,866,466,66
6/15/2015,Canada,2358305,867,467,67
9/29/2001,China,2358306,868,468,68
11/8/2021,Colombia,2358307,869,469,69
4/20/2017,China,2358308,870,470,70
7/12/2014,Poland,2358309,871,471,71
1/24/2014,Thailand,2358310,872,472,72
4/23/2021,China,2358311,873,473,73
8/15/2006,Slovenia,2358312,874,474,74
7/15/2001,Israel,2358313,875,475,75
5/1/2017,China,2358314,876,476,76
4/10/2021,China,2358315,877,477,77
3/18/2008,Brazil,2358316,878,478,78
1/9/2008,Indonesia,2358317,879,479,79
8/10/2012,Philippines,2358318,880,480,80
3/16/2005,Thailand,2358319,881,481,81
3/15/2003,Czech Republic,2358320,882,482,82
4/28/2017,China,2358321,883,483,83
2/10/2011,Indonesia,2358322,884,484,84
1/19/2010,Madagascar,2358323,885,485,85
5/17/2019,Indonesia,2358324,886,486,86
11/6/2012,China,2358325,887,487,87
12/18/2022,Philippines,2358326,888,488,88
9/30/2013,Poland,2358327,889,489,89
6/22/2017,Brazil,2358328,890,490,90
12/5/2005,Colombia,2358329,891,491,91
2/16/2019,France,2358330,892,492,92
5/1/2019,Peru,2358331,893,493,93
9/21/2014,France,2358332,894,494,94
4/24/2004,France,2358333,895,495,95
2/4/2006,Indonesia,2358334,896,496,96
11/16/2021,Ukraine,2358335,897,497,97
1/9/2006,Macedonia,2358336,898,498,98
7/13/2004,Russia,2358337,899,499,99
8/25/2021,Iran,2358338,900,500,100
11/27/2014,China,2358339,901,501,101
3/10/2005,Panama,2358340,902,502,102
5/26/2014,Ethiopia,2358341,903,503,103
4/26/2003,Poland,2358342,904,504,104
5/14/2009,Philippines,2358343,905,505,105
10/6/2004,Malaysia,2358344,906,506,106
11/1/2022,Colombia,2358345,907,507,107
7/28/2006,China,2358346,908,508,108
9/26/2016,Vietnam,2358347,909,509,109
6/2/2003,Indonesia,2358348,910,510,110
2/27/2002,Mongolia,2358349,911,511,111
9/6/2006,France,2358350,912,512,112
3/15/2019,Japan,2358351,913,513,113
7/31/2002,China,2358352,914,514,114
7/18/2005,China,2358353,915,515,115
8/15/2021,Nigeria,2358354,916,516,116
8/17/2014,China,2358355,917,517,117
11/29/2013,Russia,2358356,918,518,118
5/24/2013,Indonesia,2358357,919,519,119
8/26/2001,China,2358358,920,520,120
10/19/2013,Russia,2358359,921,521,121
11/3/2018,China,2358360,922,522,122
10/12/2017,China,2358361,923,523,123
3/16/2020,Indonesia,2358362,924,524,124
5/26/2019,Vietnam,2358363,925,525,125
1/26/2016,Portugal,2358364,926,526,126
5/5/2011,Poland,2358365,927,527,127
8/14/2004,Peru,2358366,928,528,128
9/18/2014,Nigeria,2358367,929,529,129
4/9/2007,China,2358368,930,530,130
10/2/2015,China,2358369,931,531,131
11/7/2011,China,2358370,932,532,132
1/8/2019,Colombia,2358371,933,533,133
5/23/2010,Ukraine,2358372,934,534,134
11/19/2021,Philippines,2358373,935,535,135
3/30/2006,Belarus,2358374,936,536,136
5/5/2008,Philippines,2358375,937,537,137
11/21/2006,French Guiana,2358376,938,538,138
8/17/2017,Argentina,2358377,939,539,139
1/8/2013,Mongolia,2358378,940,540,140
2/26/2015,United States,2358379,941,541,141
4/27/2013,Ukraine,2358380,942,542,142
8/3/2011,Indonesia,2358381,943,543,143
9/4/2019,China,2358382,944,544,144
12/26/2003,China,2358383,945,545,145
3/25/2014,China,2358384,946,546,146
7/8/2003,Indonesia,2358385,947,547,147
2/3/2005,Ireland,2358386,948,548,148
8/24/2012,Indonesia,2358387,949,549,149
3/23/2008,Ukraine,2358388,950,550,150
4/25/2004,Indonesia,2358389,951,551,151
11/20/2022,Czech Republic,2358390,952,552,152
2/19/2006,Brazil,2358391,953,553,153
2/17/2007,Philippines,2358392,954,554,154
7/31/2006,Cuba,2358393,955,555,155
9/9/2019,Japan,2358394,956,556,156
3/22/2009,South Africa,2358395,957,557,157
11/4/2021,Brazil,2358396,958,558,158
9/27/2003,Thailand,2358397,959,559,159
10/28/2018,China,2358398,960,560,160
12/13/2012,China,2358399,961,561,161
12/23/2011,Portugal,2358400,962,562,162
12/1/2015,Russia,2358401,963,563,163
2/27/2005,Madagascar,2358402,964,564,164
12/2/2016,Thailand,2358403,965,565,165
1/21/2021,United States,2358404,966,566,166
1/21/2003,Philippines,2358405,967,567,167
10/12/2001,Philippines,2358406,968,568,168
4/13/2008,Albania,2358407,969,569,169
8/19/2008,Mexico,2358408,970,570,170
9/14/2005,France,2358409,971,571,171
12/29/2022,Nicaragua,2358410,972,572,172
6/26/2021,Belarus,2358411,973,573,173
6/10/2002,China,2358412,974,574,174
9/26/2013,Philippines,2358413,975,575,175
5/1/2020,Mexico,2358414,976,576,176
7/17/2014,Indonesia,2358415,977,577,177
5/3/2006,Iran,2358416,978,578,178
1/24/2014,Czech Republic,2358417,979,579,179
3/20/2015,Colombia,2358418,980,580,180
12/24/2011,Cuba,2358419,981,581,181
8/25/2019,Brazil,2358420,982,582,182
11/6/2017,Ukraine,2358421,983,583,183
4/27/2012,China,2358422,984,584,184
1/15/2016,China,2358423,985,585,185
5/13/2015,Norway,2358424,986,586,186
5/26/2011,Poland,2358425,987,587,187
3/15/2012,Greece,2358426,988,588,188
12/2/2008,Myanmar,2358427,989,589,189
12/30/2022,Russia,2358428,990,590,190
8/7/2012,Mexico,2358429,991,591,191
12/24/2020,China,2358430,992,592,192
4/23/2001,Indonesia,2358431,993,593,193
7/22/2003,Russia,2358432,994,594,194
3/19/2020,China,2358433,995,595,195
5/4/2002,Botswana,2358434,996,596,196
4/5/2020,Gambia,2358435,997,597,197
8/30/2021,Brazil,2358436,998,598,198
5/21/2008,Indonesia,2358437,999,599,199
10/20/2012,Philippines,2358438,1000,600,200
4/7/2018,China,2358439,1001,601,201
8/7/2014,Indonesia,2358440,1002,602,202
9/16/2015,China,2358441,1003,603,203
12/28/2010,Japan,2358442,1004,604,204
2/11/2017,Indonesia,2358443,1005,605,205
11/7/2016,China,2358444,1006,606,206
12/1/2001,Philippines,2358445,1007,607,207
1/28/2012,China,2358446,1008,608,208
12/4/2006,Portugal,2358447,1009,609,209
9/14/2013,Armenia,2358448,1010,610,210
1/5/2002,Brazil,2358449,1011,611,211
3/14/2000,China,2358450,1012,612,212
4/10/2017,Poland,2358451,1013,613,213
12/6/2001,Indonesia,2358452,1014,614,214
6/22/2015,Philippines,2358453,1015,615,215
5/4/2006,Czech Republic,2358454,1016,616,216
12/15/2003,Russia,2358455,1017,617,217
9/28/2021,Portugal,2358456,1018,618,218
4/24/2018,China,2358457,1019,619,219
1/20/2011,Kyrgyzstan,2358458,1020,620,220
8/18/2014,France,2358459,1021,621,221
1/30/2014,China,2358460,1022,622,222
10/19/2014,China,2358461,1023,623,223
10/21/2002,Serbia,2358462,1024,624,224
5/14/2002,Pakistan,2358463,1025,625,225
11/26/2014,Sierra Leone,2358464,1026,626,226
12/4/2005,China,2358465,1027,627,227
7/7/2014,Finland,2358466,1028,628,228
9/5/2013,Sweden,2358467,1029,629,229
10/31/2022,Croatia,2358468,1030,630,230
8/15/2000,Philippines,2358469,1031,631,231
7/21/2001,Poland,2358470,1032,632,232
12/14/2006,Russia,2358471,1033,633,233
7/21/2003,Brazil,2358472,1034,634,234
4/12/2011,China,2358473,1035,635,235
9/24/2008,Oman,2358474,1036,636,236
7/23/2008,China,2358475,1037,637,237
9/17/2011,Macedonia,2358476,1038,638,238
5/1/2003,Tanzania,2358477,1039,639,239
10/5/2005,Mexico,2358478,1040,640,240
7/18/2012,Belize,2358479,1041,641,241
9/3/2014,China,2358480,1042,642,242
12/27/2014,Portugal,2358481,1043,643,243
4/2/2012,Dominican Republic,2358482,1044,644,244
5/14/2018,China,2358483,1045,645,245
2/7/2011,China,2358484,1046,646,246
8/20/2010,United States,2358485,1047,647,247
11/12/2022,Cuba,2358486,1048,648,248
2/17/2016,United States,2358487,1049,649,249
10/3/2004,Sweden,2358488,1050,650,250
7/14/2012,Indonesia,2358489,1051,651,251
12/13/2022,Philippines,2358490,1052,652,252
4/24/2013,Indonesia,2358491,1053,653,253
12/18/2009,Slovenia,2358492,1054,654,254
6/18/2011,China,2358493,1055,655,255
8/30/2005,Philippines,2358494,1056,656,256
10/12/2021,Thailand,2358495,1057,657,257
7/6/2019,Portugal,2358496,1058,658,258
1/12/2016,Canada,2358497,1059,659,259
10/8/2022,Benin,2358498,1060,660,260
9/7/2022,Gambia,2358499,1061,661,261
10/31/2001,Iran,2358500,1062,662,262
9/1/2012,Kenya,2358501,1063,663,263
2/18/2017,China,2358502,1064,664,264
1/1/2015,Indonesia,2358503,1065,665,265
8/1/2013,Brazil,2358504,1066,666,266
5/14/2019,Philippines,2358505,1067,667,267
12/4/2011,Thailand,2358506,1068,668,268
5/12/2001,Philippines,2358507,1069,669,269
9/30/2016,Portugal,2358508,1070,670,270
1/10/2006,France,2358509,1071,671,271
4/19/2009,Philippines,2358510,1072,672,272
12/10/2010,Nigeria,2358511,1073,673,273
3/10/2001,Brazil,2358512,1074,674,274
2/9/2018,Philippines,2358513,1075,675,275
6/25/2000,China,2358514,1076,676,276
7/4/2009,Botswana,2358515,1077,677,277
7/17/2012,Indonesia,2358516,1078,678,278
7/23/2007,Thailand,2358517,1079,679,279
9/25/2005,Bosnia and Herzegovina,2358518,1080,680,280
11/17/2003,Bolivia,2358519,1081,681,281
10/20/2013,China,2358520,1082,682,282
5/18/2013,Myanmar,2358521,1083,683,283
11/8/2015,Greece,2358522,1084,684,284
5/22/2013,United States,2358523,1085,685,285
6/13/2012,Philippines,2358524,1086,686,286
4/18/2005,Russia,2358525,1087,687,287
10/20/2018,China,2358526,1088,688,288
12/18/2003,Panama,2358527,1089,689,289
11/11/2009,Poland,2358528,1090,690,290
12/13/2003,Portugal,2358529,1091,691,291
6/25/2016,South Korea,2358530,1092,692,292
5/26/2022,Argentina,2358531,1093,693,293
1/9/2015,France,2358532,1094,694,294
1/14/2005,Tunisia,2358533,1095,695,295
6/5/2011,France,2358534,1096,696,296
10/13/2001,Cuba,2358535,1097,697,297
10/21/2000,Poland,2358536,1098,698,298
6/1/2009,China,2358537,1099,699,299
12/14/2003,Armenia,2358538,1100,700,300
10/20/2000,Brazil,2358539,1101,701,301
9/9/2009,Afghanistan,2358540,1102,702,302
2/25/2018,Senegal,2358541,1103,703,303
11/19/2009,South Korea,2358542,1104,704,304
1/26/2018,Portugal,2358543,1105,705,305
1/23/2002,Afghanistan,2358544,1106,706,306
9/4/2005,Ukraine,2358545,1107,707,307
1/22/2022,Pakistan,2358546,1108,708,308
7/16/2015,Bangladesh,2358547,1109,709,309
2/27/2022,Indonesia,2358548,1110,710,310
1/23/2001,Spain,2358549,1111,711,311
12/4/2000,Colombia,2358550,1112,712,312
11/30/2002,Afghanistan,2358551,1113,713,313
2/28/2019,Portugal,2358552,1114,714,314
11/5/2008,China,2358553,1115,715,315
9/17/2008,Serbia,2358554,1116,716,316
2/24/2003,Pakistan,2358555,1117,717,317
1/30/2018,China,2358556,1118,718,318
4/3/2001,China,2358557,1119,719,319
12/29/2019,Brazil,2358558,1120,720,320
8/25/2005,Portugal,2358559,1121,721,321
7/16/2015,Ukraine,2358560,1122,722,322
1/17/2005,Portugal,2358561,1123,723,323
9/14/2015,Philippines,2358562,1124,724,324
6/6/2009,China,2358563,1125,725,325
4/22/2022,Japan,2358564,1126,726,326
5/27/2016,China,2358565,1127,727,327
12/4/2022,France,2358566,1128,728,328
1/12/2002,China,2358567,1129,729,329
5/29/2015,United States,2358568,1130,730,330
1/6/2003,Sweden,2358569,1131,731,331
12/22/2001,Peru,2358570,1132,732,332
10/20/2022,Brazil,2358571,1133,733,333
8/2/2004,China,2358572,1134,734,334
11/28/2019,Sweden,2358573,1135,735,335
12/2/2012,Indonesia,2358574,1136,736,336
5/25/2009,China,2358575,1137,737,337
3/11/2016,Tunisia,2358576,1138,738,338
6/21/2014,Tunisia,2358577,1139,739,339
10/16/2021,Tunisia,2358578,1140,740,340
3/31/2013,Indonesia,2358579,1141,741,341
12/25/2003,China,2358580,1142,742,342
3/31/2017,Taiwan,2358581,1143,743,343
2/21/2002,Philippines,2358582,1144,744,344
6/30/2009,Egypt,2358583,1145,745,345
12/16/2021,Russia,2358584,1146,746,346
12/18/2004,Poland,2358585,1147,747,347
10/4/2022,Peru,2358586,1148,748,348
6/19/2011,Bosnia and Herzegovina,2358587,1149,749,349
3/1/2012,Syria,2358588,1150,750,350
4/29/2010,Brazil,2358589,1151,751,351
5/10/2007,Luxembourg,2358590,1152,752,352
4/7/2018,Belarus,2358591,1153,753,353
7/15/2003,China,2358592,1154,754,354
7/14/2018,France,2358593,1155,755,355
9/6/2001,Ireland,2358594,1156,756,356
6/20/2003,Macedonia,2358595,1157,757,357
12/7/2021,Serbia,2358596,1158,758,358
1/17/2013,China,2358597,1159,759,359
10/20/2017,China,2358598,1160,760,360
10/23/2002,Philippines,2358599,1161,761,361
10/1/2010,Belarus,2358600,1162,762,362
5/11/2015,China,2358601,1163,763,363
2/20/2011,Indonesia,2358602,1164,764,364
7/15/2015,China,2358603,1165,765,365
7/9/2001,China,2358604,1166,766,366
7/2/2009,Finland,2358605,1167,767,367
2/18/2017,Portugal,2358606,1168,768,368
4/16/2012,Brazil,2358607,1169,769,369
12/10/2021,Northern Mariana Islands,2358608,1170,770,370
8/28/2011,China,2358609,1171,771,371
11/7/2001,Syria,2358610,1172,772,372
9/15/2008,China,2358611,1173,773,373
1/5/2020,Philippines,2358612,1174,774,374
1/5/2012,United States,2358613,1175,775,375
8/1/2021,Kiribati,2358614,1176,776,376
7/3/2007,Portugal,2358615,1177,777,377
4/15/2012,Sweden,2358616,1178,778,378
2/13/2013,Philippines,2358617,1179,779,379
8/6/2019,Greece,2358618,1180,780,380
12/4/2006,Russia,2358619,1181,781,381
11/18/2012,Ukraine,2358620,1182,782,382
11/21/2009,United States,2358621,1183,783,383
9/12/2011,Denmark,2358622,1184,784,384
7/25/2004,China,2358623,1185,785,385
7/6/2012,Costa Rica,2358624,1186,786,386
8/12/2002,South Korea,2358625,1187,787,387
7/5/2005,Russia,2358626,1188,788,388
1/2/2022,Russia,2358627,1189,789,389
9/8/2008,China,2358628,1190,790,390
6/3/2016,Indonesia,2358629,1191,791,391
10/1/2002,Japan,2358630,1192,792,392
5/22/2012,Iran,2358631,1193,793,393
7/1/2008,Indonesia,2358632,1194,794,394
1/26/2001,Colombia,2358633,1195,795,395
7/13/2020,China,2358634,1196,796,396
6/22/2005,Democratic Republic of the Congo,2358635,1197,797,397
3/29/2016,Russia,2358636,1198,798,398
3/22/2000,United States,2358637,1199,799,399
12/7/2017,China,2358638,1200,800,400
